{
    "camera": [
        {
            "rmat": [
                0.9995511302615528,
                0.003713469034193769,
                0.0297279017184909,
                -0.003467648816445776,
                0.9999594065014344,
                -0.008316294907271211,
                -0.029757577262572513,
                0.008209476050941793,
                0.9995234319906817
            ],
            "svec": [
                -0.7,
                0.23,
                -0.25
            ],
            "tvec": [
                -0.14884202354348872,
                -0.08895384366012378,
                23.585932430399662
            ]
        }
    ],
    "input": [
        {
            "image": "../../data/src/bckg.0.png",
            "x_coords": [
                113,
                1157,
                1159,
                116,
                63,
                1194,
                1191,
                75
            ],
            "y_coords": [
                64,
                48,
                960,
                956,
                22,
                12,
                992,
                986
            ]
        }
    ]
}
