{
    "aquarium_size": [
        [
            18.1,
            15.5,
            2.1
        ],
        [
            18.1,
            15.5,
            2.1
        ],
        [
            18.1,
            15.5,
            2.1
        ],
        [
            18.1,
            15.5,
            2.1
        ],
        [
            18.1,
            15.5,
            2.1
        ],
        [
            18.1,
            15.5,
            2.1
        ],
        [
            18.1,
            15.5,
            2.1
        ],
        [
            18.1,
            15.5,
            2.1
        ]
    ],
    "camera": [
        {
            "rmat": [
                0.9995511302615528,
                0.003713469034193769,
                0.0297279017184909,
                -0.003467648816445776,
                0.9999594065014344,
                -0.008316294907271211,
                -0.029757577262572513,
                0.008209476050941793,
                0.9995234319906817
            ],
            "svec": [
                -0.7,
                0.23,
                -0.25
            ],
            "tvec": [
                -0.14884202354348872,
                -0.08895384366012378,
                23.585932430399662
            ]
        },
        {
            "rmat": [
                0.9999512896628017,
                0.00421257733570207,
                0.00892594498584672,
                -0.004188800998321861,
                0.9999876336700917,
                -0.002680756066291758,
                -0.008937127496913689,
                0.002643236478492142,
                0.9999565695834108
            ],
            "svec": [
                -0.23,
                0.07,
                0.0
            ],
            "tvec": [
                0.011042964859100024,
                0.02238193306380817,
                23.586649129496788
            ]
        },
        {
            "rmat": [
                0.9999166937878672,
                -0.0034357497176524757,
                0.01244190934777686,
                0.003448346079015457,
                0.9999935632918476,
                -0.0009911025138143775,
                -0.012438424082655528,
                0.0010339239581329883,
                0.9999221052699999
            ],
            "svec": [
                -0.29,
                0.04,
                0.0
            ],
            "tvec": [
                0.0619940690461929,
                -0.231784727189628,
                23.752058857341144
            ]
        },
        {
            "rmat": [
                0.9999892859526736,
                -0.0012289622339381823,
                0.004462917396692522,
                0.001240439105029613,
                0.9999959288382751,
                -0.002569750513567892,
                -0.0044597411011022174,
                0.0025752589584006466,
                0.9999867392873809
            ],
            "svec": [
                -0.11,
                0.08,
                0.0
            ],
            "tvec": [
                -0.12979132596313117,
                -0.14421046563174578,
                23.669128157876365
            ]
        },
        {
            "rmat": [
                0.9997913503219393,
                -6.785854176150253e-05,
                0.020426727996708253,
                9.440462412500303e-05,
                0.9999991523438908,
                -0.0012986143641826324,
                -0.02042662255979041,
                0.0013002717862922535,
                0.9997905092488534
            ],
            "svec": [
                -0.48,
                0.05,
                0.0
            ],
            "tvec": [
                0.05813466679219751,
                -0.0644663475856758,
                23.574720840781005
            ]
        },
        {
            "rmat": [
                0.9994149394823278,
                -0.002249136457898818,
                0.034127996201488556,
                0.002736067290206465,
                0.9998950363792802,
                -0.014227795326799417,
                -0.034092413750254305,
                0.014312847699587369,
                0.999316191060372
            ],
            "svec": [
                -0.79,
                0.33,
                0.0
            ],
            "tvec": [
                -0.528721741899403,
                -0.06675299775767816,
                22.825295001784724
            ]
        },
        {
            "rmat": [
                0.9999513695225272,
                0.0005451879326090348,
                0.00984689596474018,
                -0.0005213996009202711,
                0.9999969401581588,
                -0.0024182259563551183,
                -0.009848184222405626,
                0.002412974189245905,
                0.999948594090258
            ],
            "svec": [
                -0.23,
                0.07,
                0.0
            ],
            "tvec": [
                -0.16645406139839145,
                -0.15683531166903722,
                23.777588154714266
            ]
        },
        {
            "rmat": [
                0.9999255988368588,
                -0.0018499970358264817,
                0.01205712659453726,
                0.0018900452699120932,
                0.9999927325019119,
                -0.0033109926362677937,
                -0.012050913642830048,
                0.00333353480965324,
                0.9999218284576279
            ],
            "svec": [
                -0.29,
                0.09,
                0.0
            ],
            "tvec": [
                0.0370211083821213,
                -0.24151177964973994,
                23.68100414709001
            ]
        }
    ],
    "input": [
        {
            "image": "../../data/src/bckg.0.png",
            "x_coords": [
                113,
                1157,
                1159,
                116,
                63,
                1194,
                1191,
                75
            ],
            "y_coords": [
                64,
                48,
                960,
                956,
                22,
                12,
                992,
                986
            ]
        },
        {
            "image": "../../data/src/bckg.1.png",
            "x_coords": [
                115,
                1163,
                1168,
                119,
                73,
                1209,
                1209,
                75
            ],
            "y_coords": [
                69,
                63,
                958,
                957,
                38,
                26,
                993,
                998
            ]
        },
        {
            "image": "../../data/src/bckg.2.png",
            "x_coords": [
                128,
                1168,
                1167,
                125,
                80,
                1208,
                1207,
                79
            ],
            "y_coords": [
                49,
                49,
                945,
                938,
                21,
                24,
                976,
                966
            ]
        },
        {
            "image": "../../data/src/bckg.3.png",
            "x_coords": [
                113,
                1154,
                1155,
                112,
                64,
                1193,
                1195,
                66
            ],