{
    "aquarium_size": [
        [
            18.1,
            15.5,
            2.1
        ],
        [
            18.1,
            15.5,
            2.1
        ]
    ],
    "camera": [
        {
            "rmat": [
                0.9995511302615528,
                0.003713469034193769,
                0.0297279017184909,
                -0.003467648816445776,
                0.9999594065014344,
                -0.008316294907271211,
                -0.029757577262572513,
                0.008209476050941793,
                0.9995234319906817
            ],
            "svec": [
                -0.7,
                0.23,
                -0.25
            ],
            "tvec": [
                -0.14884202354348872,
                -0.08895384366012378,
                23.585932430399662
            ]
        },
        {
            "rmat": [
                0.9999512896628017,
                0.00421257733570207,
                0.00892594498584672,
                -0.004188800998321861,
                0.9999876336700917,
                -0.002680756066291758,
                -0.008937127496913689,
                0.002643236478492142,
                0.9999565695834108
            ],
            "svec": [
                -0.23,
                0.07,
                0.0
            ],
            "tvec": [
                0.011042964859100024,
                0.02238193306380817,
                23.586649129496788
            ]
        }
    ],
    "input": [
        {
            "image": "../../data/src/bckg.0.png",
            "x_coords": [
                113,
                1157,
                1159,
                116,
                63,
                1194,
                1191,
                75
            ],
            "y_coords": [
                64,
                48,
                960,
                956,
                22,
                12,
                992,
                986
            ]
        },
        {
            "image": "../../data/src/bckg.1.png",
            "x_coords": [
                115,
                1163,
                1168,
                119,
                73,
                1209,
                1209,
                75
            ],
            "y_coords": [
                69,
                63,
                958,
                957,
                38,
                26,
                993,
                998
            ]
        }
    ]
}
