{
    "camera": [
        {
            "rmat": [
                0.9993128885299715,
                0.003709069717470372,
                0.03687809132419721,
                -0.0034253678734017107,
                0.9999640769384381,
                -0.007753172743409856,
                -0.036905523608489185,
                0.007621524420234467,
                0.9992896950798077
            ],
            "rvec": [
                -0.18257749523449368,
                -0.09931478878913866,
                25.87079625557576
            ]
        }
    ],
    "input": [
        {
            "image": "../../data/src/src.1.png",
            "x_coords": [
                113,
                1157,
                1159,
                116,
                63,
                1194,
                1191,
                75
            ],
            "y_coords": [
                64,
                48,
                960,
                956,
                22,
                12,
                992,
                986
            ]
        }
    ]
}
